{"0": {"coords": [[-73.9963173, 40.7534073], [-73.995845, 40.7540684], [-73.9929759, 40.7528582], [-73.9934596, 40.7521959]], "edges": [[42437663, 42444960], [42444960, 42437663], [42444960, 42435645], [42435645, 42444960], [42435645, 42435644], [42435644, 42435645], [42435644, 42437663], [42437663, 42435644]], "nodes": [42437663, 42444960, 42435645, 42435644], "height": 20.5}, "1": {"coords": [[-73.9925251, 40.7534779], [-73.9953887, 40.7546807], [-73.995845, 40.7540684], [-73.9929759, 40.7528582]], "edges": [[42435646, 42444964], [42444964, 42435646], [42444964, 42444960], [42444960, 42444964], [42444960, 42435645], [42435645, 42444960], [42435645, 42435646], [42435646, 42435645]], "nodes": [42435646, 42444964, 42444960, 42435645], "height": 26.1}}