{"0": {"edges": [[42444960, 1533280147], [1533280147, 42444960], [1533280147, 42434429], [42434429, 1533280147], [42434429, 42444964], [42444964, 42434429], [42444964, 42444960], [42444960, 42444964]], "coords": [[-73.995845, 40.7540684], [-73.997152, 40.7546186], [-73.9966605, 40.7552114], [-73.9953887, 40.7546807]], "nodes": [42444960, 1533280147, 42434429, 42444964], "height": 17.0}, "1": {"edges": [[42444960, 1533280147], [1533280147, 42444960], [1533280147, 42434427], [42434427, 1533280147], [42434427, 42437663], [42437663, 42434427], [42437663, 42444960], [42444960, 42437663]], "coords": [[-73.995845, 40.7540684], [-73.997152, 40.7546186], [-73.9976147, 40.753949], [-73.9963173, 40.7534073]], "nodes": [42444960, 1533280147, 42434427, 42437663], "height": 52.1}, "2": {"edges": [[42444960, 42444964], [42444964, 42444960], [42444964, 42435646], [42435646, 42444964], [42435646, 42435645], [42435645, 42435646], [42435645, 42444960], [42444960, 42435645]], "coords": [[-73.995845, 40.7540684], [-73.9953887, 40.7546807], [-73.9925251, 40.7534779], [-73.9929759, 40.7528582]], "nodes": [42444960, 42444964, 42435646, 42435645], "height": 26.1}, "3": {"edges": [[42444960, 42435645], [42435645, 42444960], [42435645, 42435644], [42435644, 42435645], [42435644, 42437663], [42437663, 42435644], [42437663, 42444960], [42444960, 42437663]], "coords": [[-73.995845, 40.7540684], [-73.9929759, 40.7528582], [-73.9934596, 40.7521959], [-73.9963173, 40.7534073]], "nodes": [42444960, 42435645, 42435644, 42437663], "height": 20.5}, "4": {"edges": [[42437663, 42444954], [42444954, 42437663], [42444954, 42435642], [42435642, 42444954], [42435642, 42435644], [42435644, 42435642], [42435644, 42437663], [42437663, 42435644]], "coords": [[-73.9963173, 40.7534073], [-73.9967986, 40.7527292], [-73.9939536, 40.7515176], [-73.9934596, 40.7521959]], "nodes": [42437663, 42444954, 42435642, 42435644], "height": 9.3}, "5": {"edges": [[42437670, 42434427], [42434427, 42437670], [42434427, 1533280147], [1533280147, 42434427], [1533280147, 42455735], [42455735, 1533280147], [42455735, 42437670], [42437670, 42455735]], "coords": [[-73.9991434, 40.754592], [-73.9976147, 40.753949], [-73.997152, 40.7546186], [-73.9986588, 40.7552565]], "nodes": [42437670, 42434427, 1533280147, 42455735], "height": 67.9}, "6": {"edges": [[42435642, 4443775465], [4443775465, 42435642], [4443775465, 4557517549], [4557517549, 4443775465], [4557517549, 42444954], [42444954, 4557517549], [42444954, 42435642], [42435642, 42444954]], "coords": [[-73.9939536, 40.7515176], [-73.9948451, 40.7502936], [-73.997716, 40.7515002], [-73.9967986, 40.7527292]], "nodes": [42435642, 4443775465, 4557517549, 42444954], "height": 0}, "7": {"edges": [[42435644, 42435645], [42435645, 42435644], [42435645, 42439952], [42439952, 42435645], [42439952, 42437654], [42437654, 42439952], [42437654, 42435644], [42435644, 42437654]], "coords": [[-73.9934596, 40.7521959], [-73.9929759, 40.7528582], [-73.9901341, 40.7516588], [-73.990617, 40.7510002]], "nodes": [42435644, 42435645, 42439952, 42437654], "height": 91.9}, "8": {"edges": [[42435646, 42435650], [42435650, 42435646], [42435650, 4491359481], [4491359481, 42435650], [4491359481, 42444964], [42444964, 4491359481], [42444964, 42435646], [42435646, 42444964]], "coords": [[-73.9925251, 40.7534779], [-73.992079, 40.754091], [-73.9949335, 40.7552917], [-73.9953887, 40.7546807]], "nodes": [42435646, 42435650, 4491359481, 42444964], "height": 80.0}, "9": {"edges": [[42435650, 4491359481], [4491359481, 42435650], [4491359481, 42433625], [42433625, 4491359481], [42433625, 42433620], [42433620, 42433625], [42433620, 42435650], [42435650, 42433620]], "coords": [[-73.992079, 40.754091], [-73.9949335, 40.7552917], [-73.9944724, 40.7559104], [-73.991633, 40.754707]], "nodes": [42435650, 4491359481, 42433625, 42433620], "height": 62.4}, "10": {"edges": [[42435654, 42444985], [42444985, 42435654], [42444985, 42433625], [42433625, 42444985], [42433625, 42433620], [42433620, 42433625], [42433620, 42435654], [42435654, 42433620]], "coords": [[-73.991177, 40.75533], [-73.9940178, 40.7565324], [-73.9944724, 40.7559104], [-73.991633, 40.754707]], "nodes": [42435654, 42444985, 42433625, 42433620], "height": 27.8}, "11": {"edges": [[42435654, 42444985], [42444985, 42435654], [42444985, 42444991], [42444991, 42444985], [42444991, 42435657], [42435657, 42444991], [42435657, 42435654], [42435654, 42435657]], "coords": [[-73.991177, 40.75533], [-73.9940178, 40.7565324], [-73.9935713, 40.7571434], [-73.9907278, 40.7559486]], "nodes": [42435654, 42444985, 42444991, 42435657], "height": 12.8}, "12": {"edges": [[42433625, 4491359481], [4491359481, 42433625], [4491359481, 42443975], [42443975, 4491359481], [42443975, 42433644], [42433644, 42443975], [42433644, 42433625], [42433625, 42433644]], "coords": [[-73.9944724, 40.7559104], [-73.9949335, 40.7552917], [-73.997767, 40.7564802], [-73.9973146, 40.7571006]], "nodes": [42433625, 4491359481, 42443975, 42433644], "height": 2.8}, "13": {"edges": [[42455735, 1533280147], [1533280147, 42455735], [1533280147, 42434429], [42434429, 1533280147], [42434429, 42452975], [42452975, 42434429], [42452975, 42455735], [42455735, 42452975]], "coords": [[-73.9986588, 40.7552565], [-73.997152, 40.7546186], [-73.9966605, 40.7552114], [-73.998209, 40.7558732]], "nodes": [42455735, 1533280147, 42434429, 42452975], "height": 19.9}, "14": {"edges": [[42444964, 4491359481], [4491359481, 42444964], [4491359481, 42443975], [42443975, 4491359481], [42443975, 42452975], [42452975, 42443975], [42452975, 42434429], [42434429, 42452975], [42434429, 42444964], [42444964, 42434429]], "coords": [[-73.9953887, 40.7546807], [-73.9949335, 40.7552917], [-73.997767, 40.7564802], [-73.998209, 40.7558732], [-73.9966605, 40.7552114]], "nodes": [42444964, 4491359481, 42443975, 42452975, 42434429], "height": 9.0}}