{"0": {"intersection": [42444960, 1], "x": -73.995845, "y": 40.7540684, "Out": [9, 10, 12, 51], "In": [4, 7, 14, 63]}, "1": {"intersection": [42444964, 1], "x": -73.9953887, "y": 40.7546807, "Out": [13, 14, 52], "In": [10, 11, 64]}, "2": {"intersection": [42435644, 1], "x": -73.9934596, "y": 40.7521959, "Out": [3, 5, 53], "In": [1, 2, 65]}, "3": {"intersection": [42435645, 1], "x": -73.9929759, "y": 40.7528582, "Out": [2, 6, 7, 54], "In": [5, 8, 12, 66]}, "4": {"intersection": [42435646, 1], "x": -73.9925251, "y": 40.7534779, "Out": [8, 11, 55], "In": [6, 13, 67]}, "5": {"intersection": [42437663, 1], "x": -73.9963173, "y": 40.7534073, "Out": [1, 4, 56], "In": [3, 9, 68]}, "6": {"intersection": [42444960, 2], "x": -73.995845, "y": 40.7540684, "Out": [23, 24, 26, 57, 63], "In": [18, 21, 28, 51, 69]}, "7": {"intersection": [42444964, 2], "x": -73.9953887, "y": 40.7546807, "Out": [27, 28, 58, 64], "In": [24, 25, 52, 70]}, "8": {"intersection": [42435644, 2], "x": -73.9934596, "y": 40.7521959, "Out": [17, 19, 59, 65], "In": [15, 16, 53, 71]}, "9": {"intersection": [42435645, 2], "x": -73.9929759, "y": 40.7528582, "Out": [16, 20, 21, 60, 66], "In": [19, 22, 26, 54, 72]}, "10": {"intersection": [42435646, 2], "x": -73.9925251, "y": 40.7534779, "Out": [22, 25, 61, 67], "In": [20, 27, 55, 73]}, "11": {"intersection": [42437663, 2], "x": -73.9963173, "y": 40.7534073, "Out": [15, 18, 62, 68], "In": [17, 23, 56, 74]}, "12": {"intersection": [42444960, 3], "x": -73.995845, "y": 40.7540684, "Out": [31, 32, 46, 49, 50, 69], "In": [33, 36, 42, 45, 48, 57]}, "13": {"intersection": [42444964, 3], "x": -73.9953887, "y": 40.7546807, "Out": [34, 37, 45, 70], "In": [43, 44, 49, 58]}, "14": {"intersection": [42435644, 3], "x": -73.9934596, "y": 40.7521959, "Out": [36, 40, 47, 71], "In": [38, 39, 46, 59]}, "15": {"intersection": [42435645, 3], "x": -73.9929759, "y": 40.7528582, "Out": [29, 39, 41, 42, 44, 72], "In": [30, 34, 35, 40, 50, 60]}, "16": {"intersection": [42435646, 3], "x": -73.9925251, "y": 40.7534779, "Out": [30, 43, 48, 73], "In": [29, 32, 37, 61]}, "17": {"intersection": [42437663, 3], "x": -73.9963173, "y": 40.7534073, "Out": [33, 35, 38, 74], "In": [31, 41, 47, 62]}}