{"0": {"Out": [2, 55, 333], "intersection": [42439952, 1], "y": 40.7516588, "x": -73.9901341, "In": [45, 73, 389]}, "1": {"Out": [4, 24, 57, 59, 334], "intersection": [1533280147, 1], "y": 40.7546186, "x": -73.997152, "In": [6, 23, 25, 37, 390]}, "2": {"Out": [73, 83, 335], "intersection": [42437654, 1], "y": 40.7510002, "x": -73.990617, "In": [55, 74, 391]}, "3": {"Out": [22, 42, 54, 88, 336], "intersection": [42444954, 1], "y": 40.7527292, "x": -73.9967986, "In": [38, 40, 48, 62, 392]}, "4": {"Out": [9, 48, 49, 52, 337], "intersection": [42437663, 1], "y": 40.7534073, "x": -73.9963173, "In": [42, 58, 64, 71, 393]}, "5": {"Out": [25, 71, 90, 92, 338], "intersection": [42444960, 1], "y": 40.7540684, "x": -73.995845, "In": [12, 52, 57, 84, 394]}, "6": {"Out": [8, 34, 84, 85, 339], "intersection": [42444964, 1], "y": 40.7546807, "x": -73.9953887, "In": [51, 53, 82, 90, 395]}, "7": {"Out": [28, 91, 340], "intersection": [42437670, 1], "y": 40.754592, "x": -73.9991434, "In": [26, 75, 396]}, "8": {"Out": [23, 44, 75, 341], "intersection": [42455735, 1], "y": 40.7552565, "x": -73.9986588, "In": [4, 28, 72, 397]}, "9": {"Out": [29, 76, 80, 342], "intersection": [42444985, 1], "y": 40.7565324, "x": -73.9940178, "In": [21, 41, 61, 398]}, "10": {"Out": [13, 32, 36, 38, 343], "intersection": [42435642, 1], "y": 40.7515176, "x": -73.9939536, "In": [10, 35, 54, 79, 399]}, "11": {"Out": [35, 64, 74, 77, 344], "intersection": [42435644, 1], "y": 40.7521959, "x": -73.9934596, "In": [9, 11, 32, 83, 400]}, "12": {"Out": [11, 12, 45, 46, 345], "intersection": [42435645, 1], "y": 40.7528582, "x": -73.9929759, "In": [2, 47, 77, 92, 401]}, "13": {"Out": [30, 47, 82, 346], "intersection": [42435646, 1], "y": 40.7534779, "x": -73.9925251, "In": [8, 46, 78, 402]}, "14": {"Out": [21, 65, 347], "intersection": [42444991, 1], "y": 40.7571434, "x": -73.9935713, "In": [56, 76, 403]}, "15": {"Out": [33, 78, 81, 348], "intersection": [42435650, 1], "y": 40.754091, "x": -73.992079, "In": [30, 50, 66, 404]}, "16": {"Out": [19, 61, 69, 349], "intersection": [42435654, 1], "y": 40.75533, "x": -73.991177, "In": [15, 43, 80, 405]}, "17": {"Out": [1, 17, 27, 39, 350], "intersection": [42443975, 1], "y": 40.7564802, "x": -73.997767, "In": [14, 18, 67, 86, 406]}, "18": {"Out": [15, 56, 351], "intersection": [42435657, 1], "y": 40.7559486, "x": -73.9907278, "In": [65, 69, 407]}, "19": {"Out": [43, 66, 70, 352], "intersection": [42433620, 1], "y": 40.754707, "x": -73.991633, "In": [19, 20, 33, 408]}, "20": {"Out": [7, 14, 20, 41, 89, 353], "intersection": [42433625, 1], "y": 40.7559104, "x": -73.9944724, "In": [16, 27, 29, 70, 87, 409]}, "21": {"Out": [10, 62, 63, 354], "intersection": [4443775465, 1], "y": 40.7502936, "x": -73.9948451, "In": [13, 68, 88, 410]}, "22": {"Out": [31, 86, 87, 355], "intersection": [42433644, 1], "y": 40.7571006, "x": -73.9973146, "In": [39, 60, 89, 411]}, "23": {"Out": [40, 68, 79, 356], "intersection": [4557517549, 1], "y": 40.7515002, "x": -73.997716, "In": [22, 36, 63, 412]}, "24": {"Out": [3, 67, 72, 357], "intersection": [42452975, 1], "y": 40.7558732, "x": -73.998209, "In": [1, 5, 44, 413]}, "25": {"Out": [16, 18, 50, 53, 60, 358], "intersection": [4491359481, 1], "y": 40.7552917, "x": -73.9949335, "In": [7, 17, 31, 34, 81, 414]}, "26": {"Out": [6, 26, 58, 359], "intersection": [42434427, 1], "y": 40.753949, "x": -73.9976147, "In": [49, 59, 91, 415]}, "27": {"Out": [5, 37, 51, 360], "intersection": [42434429, 1], "y": 40.7552114, "x": -73.9966605, "In": [3, 24, 85, 416]}, "28": {"Out": [94, 158, 361, 389], "intersection": [42439952, 2], "y": 40.7516588, "x": -73.9901341, "In": [147, 179, 333, 417]}, "29": {"Out": [96, 118, 160, 163, 362, 390], "intersection": [1533280147, 2], "y": 40.7546186, "x": -73.997152, "In": [98, 117, 119, 139, 334, 418]}, "30": {"Out": [179, 189, 363, 391], "intersection": [42437654, 2], "y": 40.7510002, "x": -73.990617, "In": [158, 180, 335, 419]}, "31": {"Out": [116, 144, 157, 195, 197, 364, 392], "intersection": [42444954, 2], "y": 40.7527292, "x": -73.9967986, "In": [128, 140, 142, 151, 166, 336, 420]}, "32": {"Out": [101, 151, 152, 155, 196, 365, 393], "intersection": [42437663, 2], "y": 40.7534073, "x": -73.9963173, "In": [123, 144, 161, 168, 177, 337, 421]}, "33": {"Out": [119, 177, 199, 201, 366, 394], "intersection": [42444960, 2], "y": 40.7540684, "x": -73.995845, "In": [104, 155, 160, 190, 338, 422]}, "34": {"Out": [100, 109, 134, 138, 190, 191, 367, 395], "intersection": [42444964, 2], "y": 40.7546807, "x": -73.9953887, "In": [124, 154, 156, 162, 188, 199, 339, 423]}, "35": {"Out": [125, 200, 368, 396], "intersection": [42437670, 2], "y": 40.754592, "x": -73.9991434, "In": [121, 181, 340, 424]}, "36": {"Out": [117, 146, 181, 369, 397], "intersection": [42455735, 2], "y": 40.7552565, "x": -73.9986588, "In": [96, 125, 178, 341, 425]}, "37": {"Out": [127, 137, 182, 186, 370, 398], "intersection": [42444985, 2], "y": 40.7565324, "x": -73.9940178, "In": [115, 143, 165, 202, 342, 426]}, "38": {"Out": [105, 123, 132, 136, 140, 371, 399], "intersection": [42435642, 2], "y": 40.7515176, "x": -73.9939536, "In": [102, 135, 157, 185, 196, 343, 427]}, "39": {"Out": [128, 135, 168, 180, 183, 372, 400], "intersection": [42435644, 2], "y": 40.7521959, "x": -73.9934596, "In": [101, 103, 132, 189, 195, 344, 428]}, "40": {"Out": [103, 104, 147, 149, 373, 401], "intersection": [42435645, 2], "y": 40.7528582, "x": -73.9929759, "In": [94, 150, 183, 201, 345, 429]}, "41": {"Out": [130, 150, 188, 374, 402], "intersection": [42435646, 2], "y": 40.7534779, "x": -73.9925251, "In": [100, 149, 184, 346, 430]}, "42": {"Out": [115, 169, 192, 375, 403], "intersection": [42444991, 2], "y": 40.7571434, "x": -73.9935713, "In": [120, 159, 182, 347, 431]}, "43": {"Out": [133, 184, 187, 376, 404], "intersection": [42435650, 2], "y": 40.754091, "x": -73.992079, "In": [130, 153, 170, 348, 432]}, "44": {"Out": [113, 120, 165, 175, 377, 405], "intersection": [42435654, 2], "y": 40.75533, "x": -73.991177, "In": [107, 145, 186, 192, 349, 433]}, "45": {"Out": [93, 112, 122, 124, 141, 173, 378, 406], "intersection": [42443975, 2], "y": 40.7564802, "x": -73.997767, "In": [106, 108, 111, 138, 171, 193, 350, 434]}, "46": {"Out": [107, 159, 202, 379, 407], "intersection": [42435657, 2], "y": 40.7559486, "x": -73.9907278, "In": [137, 169, 175, 351, 435]}, "47": {"Out": [145, 170, 176, 380, 408], "intersection": [42433620, 2], "y": 40.754707, "x": -73.991633, "In": [113, 114, 133, 352, 436]}, "48": {"Out": [99, 106, 114, 143, 198, 381, 409], "intersection": [42433625, 2], "y": 40.7559104, "x": -73.9944724, "In": [110, 122, 127, 176, 194, 353, 437]}, "49": {"Out": [102, 166, 167, 382, 410], "intersection": [4443775465, 2], "y": 40.7502936, "x": -73.9948451, "In": [105, 172, 197, 354, 438]}, "50": {"Out": [131, 193, 194, 383, 411], "intersection": [42433644, 2], "y": 40.7571006, "x": -73.9973146, "In": [141, 164, 198, 355, 439]}, "51": {"Out": [142, 172, 185, 384, 412], "intersection": [4557517549, 2], "y": 40.7515002, "x": -73.997716, "In": [116, 136, 167, 356, 440]}, "52": {"Out": [95, 148, 162, 171, 178, 385, 413], "intersection": [42452975, 2], "y": 40.7558732, "x": -73.998209, "In": [93, 97, 109, 129, 146, 357, 441]}, "53": {"Out": [110, 111, 129, 153, 156, 164, 174, 386, 414], "intersection": [4491359481, 2], "y": 40.7552917, "x": -73.9949335, "In": [99, 112, 126, 131, 134, 148, 187, 358, 442]}, "54": {"Out": [98, 121, 161, 387, 415], "intersection": [42434427, 2], "y": 40.753949, "x": -73.9976147, "In": [152, 163, 200, 359, 443]}, "55": {"Out": [97, 108, 126, 139, 154, 388, 416], "intersection": [42434429, 2], "y": 40.7552114, "x": -73.9966605, "In": [95, 118, 173, 174, 191, 360, 444]}, "56": {"Out": [204, 275, 417], "intersection": [42439952, 3], "y": 40.7516588, "x": -73.9901341, "In": [262, 307, 361]}, "57": {"Out": [206, 230, 277, 281, 293, 306, 418], "intersection": [1533280147, 3], "y": 40.7546186, "x": -73.997152, "In": [208, 229, 231, 254, 280, 296, 362]},