{"0": {"x": [-73.9963173, -73.9934596], "road": [42437663, 42435644, 1], "y": [40.7534073, 40.7521959], "height": 5}, "1": {"x": [-73.9929759, -73.9934596], "road": [42435645, 42435644, 1], "y": [40.7528582, 40.7521959], "height": 5}, "2": {"x": [-73.9934596, -73.9963173], "road": [42435644, 42437663, 1], "y": [40.7521959, 40.7534073], "height": 5}, "3": {"x": [-73.9963173, -73.995845], "road": [42437663, 42444960, 1], "y": [40.7534073, 40.7540684], "height": 5}, "4": {"x": [-73.9934596, -73.9929759], "road": [42435644, 42435645, 1], "y": [40.7521959, 40.7528582], "height": 5}, "5": {"x": [-73.9929759, -73.9925251], "road": [42435645, 42435646, 1], "y": [40.7528582, 40.7534779], "height": 5}, "6": {"x": [-73.9929759, -73.995845], "road": [42435645, 42444960, 1], "y": [40.7528582, 40.7540684], "height": 5}, "7": {"x": [-73.9925251, -73.9929759], "road": [42435646, 42435645, 1], "y": [40.7534779, 40.7528582], "height": 5}, "8": {"x": [-73.995845, -73.9963173], "road": [42444960, 42437663, 1], "y": [40.7540684, 40.7534073], "height": 5}, "9": {"x": [-73.995845, -73.9953887], "road": [42444960, 42444964, 1], "y": [40.7540684, 40.7546807], "height": 5}, "10": {"x": [-73.9925251, -73.9953887], "road": [42435646, 42444964, 1], "y": [40.7534779, 40.7546807], "height": 5}, "11": {"x": [-73.995845, -73.9929759], "road": [42444960, 42435645, 1], "y": [40.7540684, 40.7528582], "height": 5}, "12": {"x": [-73.9953887, -73.9925251], "road": [42444964, 42435646, 1], "y": [40.7546807, 40.7534779], "height": 5}, "13": {"x": [-73.9953887, -73.995845], "road": [42444964, 42444960, 1], "y": [40.7546807, 40.7540684], "height": 5}, "14": {"x": [-73.9963173, -73.9934596], "road": [42437663, 42435644, 2], "y": [40.7534073, 40.7521959], "height": 15}, "15": {"x": [-73.9929759, -73.9934596], "road": [42435645, 42435644, 2], "y": [40.7528582, 40.7521959], "height": 15}, "16": {"x": [-73.9934596, -73.9963173], "road": [42435644, 42437663, 2], "y": [40.7521959, 40.7534073], "height": 15}, "17": {"x": [-73.9963173, -73.995845], "road": [42437663, 42444960, 2], "y": [40.7534073, 40.7540684], "height": 15}, "18": {"x": [-73.9934596, -73.9929759], "road": [42435644, 42435645, 2], "y": [40.7521959, 40.7528582], "height": 15}, "19": {"x": [-73.9929759, -73.9925251], "road": [42435645, 42435646, 2], "y": [40.7528582, 40.7534779], "height": 15}, "20": {"x": [-73.9929759, -73.995845], "road": [42435645, 42444960, 2], "y": [40.7528582, 40.7540684], "height": 15}, "21": {"x": [-73.9925251, -73.9929759], "road": [42435646, 42435645, 2], "y": [40.7534779, 40.7528582], "height": 15}, "22": {"x": [-73.995845, -73.9963173], "road": [42444960, 42437663, 2], "y": [40.7540684, 40.7534073], "height": 15}, "23": {"x": [-73.995845, -73.9953887], "road": [42444960, 42444964, 2], "y": [40.7540684, 40.7546807], "height": 15}, "24": {"x": [-73.9925251, -73.9953887], "road": [42435646, 42444964, 2], "y": [40.7534779, 40.7546807], "height": 15}, "25": {"x": [-73.995845, -73.9929759], "road": [42444960, 42435645, 2], "y": [40.7540684, 40.7528582], "height": 15}, "26": {"x": [-73.9953887, -73.9925251], "road": [42444964, 42435646, 2], "y": [40.7546807, 40.7534779], "height": 15}, "27": {"x": [-73.9953887, -73.995845], "road": [42444964, 42444960, 2], "y": [40.7546807, 40.7540684], "height": 15}, "28": {"x": [-73.9929759, -73.9925251], "road": [42435645, 42435646, 3], "y": [40.7528582, 40.7534779], "height": 35}, "29": {"x": [-73.9925251, -73.9929759], "road": [42435646, 42435645, 3], "y": [40.7534779, 40.7528582], "height": 35}, "30": {"x": [-73.995845, -73.9963173], "road": [42444960, 42437663, 3], "y": [40.7540684, 40.7534073], "height": 35}, "31": {"x": [-73.995845, -73.9925251], "road": [42444960, 42435646, 3], "y": [40.7540684, 40.7534779], "height": 35}, "32": {"x": [-73.9963173, -73.995845], "road": [42437663, 42444960, 3], "y": [40.7534073, 40.7540684], "height": 35}, "33": {"x": [-73.9953887, -73.9929759], "road": [42444964, 42435645, 3], "y": [40.7546807, 40.7528582], "height": 35}, "34": {"x": [-73.9963173, -73.9929759], "road": [42437663, 42435645, 3], "y": [40.7534073, 40.7528582], "height": 35}, "35": {"x": [-73.9934596, -73.995845], "road": [42435644, 42444960, 3], "y": [40.7521959, 40.7540684], "height": 35}, "36": {"x": [-73.9953887, -73.9925251], "road": [42444964, 42435646, 3], "y": [40.7546807, 40.7534779], "height": 35}, "37": {"x": [-73.9963173, -73.9934596], "road": [42437663, 42435644, 3], "y": [40.7534073, 40.7521959], "height": 35}, "38": {"x": [-73.9929759, -73.9934596], "road": [42435645, 42435644, 3], "y": [40.7528582, 40.7521959], "height": 35}, "39": {"x": [-73.9934596, -73.9929759], "road": [42435644, 42435645, 3], "y": [40.7521959, 40.7528582], "height": 35}, "40": {"x": [-73.9929759, -73.9963173], "road": [42435645, 42437663, 3], "y": [40.7528582, 40.7534073], "height": 35}, "41": {"x": [-73.9929759, -73.995845], "road": [42435645, 42444960, 3], "y": [40.7528582, 40.7540684], "height": 35}, "42": {"x": [-73.9925251, -73.9953887], "road": [42435646, 42444964, 3], "y": [40.7534779, 40.7546807], "height": 35}, "43": {"x": [-73.9929759, -73.9953887], "road": [42435645, 42444964, 3], "y": [40.7528582, 40.7546807], "height": 35}, "44": {"x": [-73.9953887, -73.995845], "road": [42444964, 42444960, 3], "y": [40.7546807, 40.7540684], "height": 35}, "45": {"x": [-73.995845, -73.9934596], "road": [42444960, 42435644, 3], "y": [40.7540684, 40.7521959], "height": 35}, "46": {"x": [-73.9934596, -73.9963173], "road": [42435644, 42437663, 3], "y": [40.7521959, 40.7534073], "height": 35}, "47": {"x": [-73.9925251, -73.995845], "road": [42435646, 42444960, 3], "y": [40.7534779, 40.7540684], "height": 35}, "48": {"x": [-73.995845, -73.9953887], "road": [42444960, 42444964, 3], "y": [40.7540684, 40.7546807], "height": 35}, "49": {"x": [-73.995845, -73.9929759], "road": [42444960, 42435645, 3], "y": [40.7540684, 40.7528582], "height": 35}, "50": {"x": [-73.995845, -73.995845], "road": [42444960, 42444960, 1.2], "y": [40.7540684, 40.7540684], "height": 7.0}, "51": {"x": [-73.9953887, -73.9953887], "road": [42444964, 42444964, 1.2], "y": [40.7546807, 40.7546807], "height": 7.0}, "52": {"x": [-73.9934596, -73.9934596], "road": [42435644, 42435644, 1.2], "y": [40.7521959, 40.7521959], "height": 7.0}, "53": {"x": [-73.9929759, -73.9929759], "road": [42435645, 42435645, 1.2], "y": [40.7528582, 40.7528582], "height": 7.0}, "54": {"x": [-73.9925251, -73.9925251], "road": [42435646, 42435646, 1.2], "y": [40.7534779, 40.7534779], "height": 7.0}, "55": {"x": [-73.9963173, -73.9963173], "road": [42437663, 42437663, 1.2], "y": [40.7534073, 40.7534073], "height": 7.0}, "56": {"x": [-73.995845, -73.995845], "road": [42444960, 42444960, 2.2], "y": [40.7540684, 40.7540684], "height": 19.0}, "57": {"x": [-73.9953887, -73.9953887], "road": [42444964, 42444964, 2.2], "y": [40.7546807, 40.7546807], "height": 19.0}, "58": {"x": [-73.9934596, -73.9934596], "road": [42435644, 42435644, 2.2], "y": [40.7521959, 40.7521959], "height": 19.0}, "59": {"x": [-73.9929759, -73.9929759], "road": [42435645, 42435645, 2.2], "y": [40.7528582, 40.7528582], "height": 19.0}, "60": {"x": [-73.9925251, -73.9925251], "road": [42435646, 42435646, 2.2], "y": [40.7534779, 40.7534779], "height": 19.0}, "61": {"x": [-73.9963173, -73.9963173], "road": [42437663, 42437663, 2.2], "y": [40.7534073, 40.7534073], "height": 19.0}, "62": {"x": [-73.995845, -73.995845], "road": [42444960, 42444960, 1.8], "y": [40.7540684, 40.7540684], "height": 13.0}, "63": {"x": [-73.9953887, -73.9953887], "road": [42444964, 42444964, 1.8], "y": [40.7546807, 40.7546807], "height": 13.0}, "64": {"x": [-73.9934596, -73.9934596], "road": [42435644, 42435644, 1.8], "y": [40.7521959, 40.7521959], "height": 13.0}, "65": {"x": [-73.9929759, -73.9929759], "road": [42435645, 42435645, 1.8], "y": [40.7528582, 40.7528582], "height": 13.0}, "66": {"x": [-73.9925251, -73.9925251], "road": [42435646, 42435646, 1.8], "y": [40.7534779, 40.7534779], "height": 13.0},